count	mean	std	min	25%	50%	75%	max	total
13.0	20053.923076923078	13488.247436574418	2966.0	8735.0	16560.0	30871.0	41933.0	260701.0
