count	mean	std	min	25%	50%	75%	max	total
145.0	24312.48275862069	16195.72626501932	2272.0	12932.0	21031.0	31868.0	80995.0	3525310.0
