is_tumor	count	mean	std	min	25%	50%	75%	max	total	cumprop
False	102.0	27396.92156862745	16290.248338330535	4656.0	15404.25	23995.0	36917.75	108210.0	2794486.0	0.9129899402347159
True	102.0	2610.9901960784314	5893.431153604763	6.0	64.75	491.0	1820.75	36705.0	266321.0	1.0
