is_tumor	count	mean	std	min	25%	50%	75%	max	total	cumprop
False	9.0	17634.777777777777	7928.999428959775	8140.0	13107.0	14869.0	20619.0	34265.0	158713.0	0.8476175726050222
True	9.0	3170.3333333333335	4639.188883845968	65.0	156.0	351.0	3687.0	13296.0	28533.0	1.0
